user_description,wiki_name,wiki_description
"I'm looking for a sturdy, evergreen tree that can thrive in mountainous regions. I want something that not only adds a beautiful touch to my landscape but also has a lovely silvery hue to its needles. Ideally, it should be able to handle varying climates, from cooler temperatures to warmer areas, while providing a sense of tranquility and elegance in my yard.",European Silver Fir,"Abies alba, the European silver fir or silver fir, is a fir native to the mountains of Europe, from the Pyrenees north to Normandy, east to the Alps and the Carpathians, Slovakia, Slovenia, Croatia, Bosnia and Herzegovina, Montenegro, Serbia, and south to Italy, Bulgaria, Kosovo, Albania and northern Greece."
"I'm looking for a coniferous tree that thrives in mountainous regions and can add a touch of elegance to my landscape. Ideally, it should be able to withstand various elevations and bring a fresh, vibrant look to my garden throughout the seasons. I want something that captures the essence of the outdoors while being resilient and beautiful.",White Fir,"Abies concolor, the white fir, concolor fir, or Colorado fir, is a coniferous tree in the pine family Pinaceae. This tree is native to the mountains of western North America, including the Sierra Nevada and southern Rocky Mountains, and into the isolated mountain ranges of southern Arizona, New Mexico, and Northern Mexico. It naturally occurs at elevations between 900 and 3,400 metres."
"I'm looking for a beautiful evergreen that thrives in cooler mountain climates and offers a lovely fragrance. Ideally, it would have a compact shape and lush, dense foliage, perfect for adding a touch of nature to my home or garden. Additionally, I'm interested in a plant that has a bit of a unique backstory and is rare, making it a special addition to my collection.",Fraser Fir,"Abies fraseri, commonly known as Fraser's fir, or Fraser fir, is an endangered species of fir native to the Appalachian Mountains of the southeastern United States. It is endemic to the Appalachian Mountains, where it grows in 48 populations on seven montane regions in the range."
"I'm looking for a hardy tree that thrives in cooler climates, ideally one that offers a beautiful, lush appearance with soft, needle-like foliage. I’d love a plant that can add a touch of elegance to my landscape and is well-suited for mountainous or subalpine regions.",Alpine Fir,"Abies lasiocarpa, the subalpine fir or Rocky Mountain fir, is a western North American fir tree."
"I'm looking for a majestic evergreen that thrives in higher altitudes and can add a touch of elegance to my landscape. I need a plant that can withstand cooler climates while providing beautiful, lush foliage throughout the year. Ideally, it should be well-suited for a mountainous or coastal environment.",Noble Fir,"Abies procera, the noble fir, also called red fir, is a species of fir native to the Cascade Range and Pacific Coast Ranges of the northwestern Pacific Coast of the United States. It occurs at altitudes of 300–1,500 meters (980–4,920 ft)."
"I'm looking for a unique tree that adds character to my garden with its striking bark and beautiful foliage. Ideally, I'd love something that thrives well in eastern climates and offers a stunning visual appeal throughout the seasons. It would be great if this plant could also attract local wildlife and provide some shade.",Snakebark Maple,"Snakebark maples are maples belonging to the taxonomic section Acer sect. Macrantha. The section includes 18–21 species, and is restricted to eastern Asia with the exception of one species in eastern North America."
"I’m looking for a small, deciduous tree that offers beautiful foliage and can thrive in parks or residential gardens. Ideally, it should have a sturdy structure and be suitable for street planting, providing a touch of elegance and color throughout the seasons.",Amur Maple,"Acer tataricum subsp. ginnala, the Amur maple, often treated as a distinct species Acer ginnala, is a plant species with woody stems native to northeastern Asia from easternmost Mongolia east to Korea and Japan, and north to the Russian Far East in the Amur River valley. It is a small maple with deciduous leaves that is sometimes grown as a garden subject, in parks, or as a street tree."
"I'm looking for a unique tree that adds character to my garden with its beautiful, textured bark and vibrant foliage. Ideally, it should thrive in cooler climates and offer stunning seasonal changes. I’d love something that can grow well at higher elevations and provide a striking focal point in my landscape.",Paperbark Maple,"Acer griseum, the paperbark maple or blood-bark maple, is a species of flowering plant in the family Sapindaceae, native to central China. Acer griseum is found in the Chinese provinces of Gansu, Henan, Hubei, Hunan, Shaanxi, Shanxi and Sichuan, at altitudes of 1,500–2,000 m (4,921–6,562 ft)."
"I'm looking for a beautiful, unique maple that offers stunning foliage and adds a touch of elegance to my garden. Ideally, I want a variety that showcases vibrant colors throughout the seasons and has a lovely, compact growth habit, making it perfect for small spaces.",Fullmoon Maple,"Fullmoon maple is a name that has been used for two different but closely related maples from Japan:Acer japonicum 
Acer shirasawanum"
"I’m looking for a large, deciduous tree that can thrive in a variety of conditions and bring a touch of natural beauty to my yard. I’d love something that not only provides shade but also has unique leaves and can support local wildlife. Additionally, if it has culinary or woodworking potential, that would be a nice bonus!",Big Leaf Maple,"Acer macrophyllum, the bigleaf maple or Oregon maple, is a large deciduous tree in the genus Acer. It is native to western North America. In addition to uses by animals, it is of some culinary and woodworking interest."
"I'm looking for a large, deciduous tree that can thrive in a variety of climates, ideally one that offers both beauty and practicality. I’d love something that not only supports local wildlife but also has appealing leaves and can be used for woodworking or culinary purposes. It would be great if this tree could add a unique character to my garden while providing shade and interest throughout the seasons.",Mocha Rose Big Leaf Maple,"Acer macrophyllum, the bigleaf maple or Oregon maple, is a large deciduous tree in the genus Acer. It is native to western North America. In addition to uses by animals, it is of some culinary and woodworking interest."
"I’m looking for a stunning tree that can add vibrant colors and unique leaf shapes to my garden. Ideally, I want something that stands out with its attractive forms and can thrive in various climates. A plant that showcases beauty through the seasons would be perfect for my landscape.",Japanese Maple,"Acer palmatum, commonly known as Japanese maple, palmate maple, or smooth Japanese maple, is a species of woody plant native to Korea, Japan, China, eastern Mongolia, and southeast Russia. Many different cultivars of this maple have been selected and they are grown worldwide for their large variety of attractive forms, leaf shapes, and spectacular colors."
"I'm looking for a unique shrub or tree that offers distinctive foliage and an interesting texture. Ideally, it would thrive in my garden and provide visual interest throughout the seasons. Bonus points if it has a culinary connection or can enhance my outdoor space with its charm!",Moosewood,"Moosewood may refer to:Acer pensylvanicum, a species of maple known variously as striped maple, moosewood and moose maple
Viburnum lantanoides, a species of shrub in the family Caprifoliaceae
Dirca, a genus of deciduous shrubs in the family Thymelaeaceae, known variously as leatherwood, moosewood, ropebark and wicopy
Moosewood Cookbook, a cookbook authored by Mollie Katzen
Moosewood Restaurant, a restaurant in Ithaca, New York, United States"
"I'm looking for a striking, vibrant tree that can add a splash of color to my yard, especially with its rich crimson foliage in the fall. Ideally, it should thrive in suburban areas and be a great addition to my landscape, providing shade and beauty throughout the seasons. Any recommendations for a tree that fits this description?",Crimson King Norway Maple,"Burlington Township is a township in Burlington County, in the U.S. state of New Jersey. It is a suburb of Philadelphia and is part of the South Jersey region of the state. As of the 2020 United States census, the township's population was 23,983, its highest decennial count ever and an increase of 1,389 (+6.1%) from the 2010 census count of 22,594, which in turn reflected an increase of 2,300 (+11.3%) from the 20,294 counted in the 2000 census. The township, and all of Burlington County, is a part of the Philadelphia-Reading-Camden combined statistical area and the Delaware Valley."
"I'm looking for a beautiful tree that offers stunning fall colors and has an elegant, layered canopy. Ideally, it would thrive in cooler climates and add a touch of unique beauty to my garden. I’d love something that stands out with striking foliage throughout the seasons.",Korean Maple,"Acer pseudosieboldianum, the Korean maple or purplebloom maple, is a species of maple. It is native to northeastern China, Korea, and the Russian Far East."
"I'm looking for a stunning deciduous tree that can thrive in a range of climates across North America. Ideally, it would provide vibrant red foliage in the fall and reach a mature height of around 30 meters. I'm also interested in a tree that has unique features, like colorful flowers and twigs, to add character to my landscape.",Red Maple,"Acer rubrum, the red maple, also known as swamp maple, water maple, or soft maple, is one of the most common and widespread deciduous trees of eastern and central North America. The U.S. Forest Service recognizes it as the most abundant native tree in eastern North America. The red maple ranges from southeastern Manitoba around the Lake of the Woods on the border with Ontario and Minnesota, east to Newfoundland, south to Florida, and southwest to East Texas. Many of its features, especially its leaves, are quite variable in form. At maturity, it often attains a height around 30 m (100 ft). Its flowers, petioles, twigs, and seeds are all red to varying degrees. Among these features, however, it is best known for its brilliant deep scarlet foliage in autumn."
"I'm looking for a beautiful tree that offers stunning fall colors and can thrive in a hardwood forest setting. Ideally, it would be a versatile option that could contribute to my garden's aesthetic while also providing something unique, like the ability to produce syrup or have distinctive wood patterns.",Legacy Sugar Maple,"Acer saccharum, the sugar maple, is a species of flowering plant in the soapberry and lychee family Sapindaceae. It is native to the hardwood forests of eastern Canada and the eastern United States. Sugar maple is best known for being the primary source of maple syrup and for its brightly colored autumn foliage. It may also be called ""rock maple,"" ""sugar tree,"" ""sweet maple,"" or, particularly in reference to the wood, ""hard maple,"" ""birds-eye maple,"" or ""curly maple,"" the last two being specially figured lumber."
I’m looking for a beautiful tree that can thrive in a hilly environment and offers unique three-flower clusters. It would be great if this plant has a lovely shape and can add character to my garden while being suitable for the climate in my area.,Three Flowered Maple,"Acer triflorum, the three-flowered maple, is a species of maple native to hills of northeastern China and Korea."
"I'm looking for a striking tree that offers vibrant fall colors, ideally with stunning orange-red foliage to brighten up my landscape. I also need something that's versatile and can thrive in urban settings, making it suitable for use as a street tree. A hybrid variety would be great, as I want a resilient option that stands out throughout the seasons.",Autumn Blaze Maple,"Acer × freemanii, Freeman maple or Freeman's maple, is a naturally occurring hybrid maple that is the result of a cross between Acer rubrum and Acer saccharinum. Wild specimens are found in eastern North America where the parent species overlap. The species is named for Oliver M. Freeman of the U.S. National Arboretum who hybridized A. rubrum with A. saccharinum in 1933. The fall foliage is a striking orange-red. It has many commercially available cultivars and is frequently used as a street tree."
"I’m looking for a unique plant that adds a touch of whimsy to my home with its delicate, sensitive leaves that seem to respond to touch. Ideally, I want something that can thrive in various climates and brings a bit of tropical charm to my indoor space. A plant that not only looks beautiful but also sparks curiosity would be perfect!",Mimosa,"Mimosa is a genus of about 600 species of herbs and shrubs, in the mimosoid clade of the legume family Fabaceae. Species are native to the Americas, from North Dakota to northern Argentina, and to eastern Africa as well as the Indian subcontinent and Indochina. The generic name is derived from the Greek word μῖμος (mimos), 'actor' or 'mime', and the feminine suffix -osa, 'resembling', suggesting its 'sensitive leaves' which seem to 'mimic conscious life'."
"I'm looking for an impressive evergreen tree that can reach a significant height and has a robust trunk. Ideally, this plant should thrive in cooler climates and add a unique architectural element to my garden. It's important that it can withstand harsh conditions while still looking striking year-round.",Monkey Puzzle Tree,"Araucaria araucana, commonly called the pewen, monkey-puzzle, pehuen or piñonero, is an evergreen tree belonging to the family Araucariaceae and growing to a height of 30–40 m (98–131 ft) and a trunk diameter of 1–1.5 m (3.3–4.9 ft). Native to central and southern Chile and western Argentina, it is the hardiest species in the conifer genus Araucaria."
"I'm looking for a broadleaf evergreen tree that features beautiful, waxy leaves and a unique, contorted shape. I love the idea of having a plant with interesting, flaky bark that adds texture to my garden year-round. Ideally, it should be a striking addition that stands out in any landscape.",Pacific Madrone*,"Arbutus menziesii, or Pacific madrone, is a species of broadleaf evergreen tree in the family Ericaceae. It has waxy foliage, a contorted growth habit, and flaky bark."
"I'm looking for a tree that produces beautiful red fruits and adds a unique touch to my garden. Ideally, it should be resilient and thrive in various conditions, offering both aesthetic appeal and the potential for delicious, edible treats. I’d love a plant that can attract wildlife and provide a vibrant pop of color throughout the year.",Strawberry Tree,"Strawberry tree is a common name for:Arbutus, a genus in the family Ericaceae with edible red fruits
Arbutus unedo, the tree from which the genus Arbutus derives its name
Arbutus andrachne, known as Greek strawberry tree
Calycophyllum candidissimum, in the family Calycophyllum
Cornus capitata, a species of dogwood known as Himalayan strawberry-tree
Muntingia calabura, in the family Malvaceae, native to the American tropics
Myrica rubra, in the family Myricaceae, referred to as the Chinese strawberry tree"
"I'm looking for a small deciduous tree that has large, attractive leaves and produces a unique fruit that ranges in color from yellowish-green to brown. Ideally, I'd like a plant that can bring some interesting visual appeal to my garden while also providing something enjoyable to taste.",Common Paw Paw,"Asimina triloba, the American papaw, pawpaw, paw paw, or paw-paw, among many regional names, is a species of small deciduous tree. It has large leaves and produces a large, yellowish-green to brown fruit."
"I'm looking for a hardy tree that can thrive in warmer climates and handle wet conditions, ideally one that can add beauty to my landscape without needing chilly winters. I would love something that provides a nice visual appeal with its unique bark and foliage, and that can flourish in areas prone to flooding or high moisture.",River Birch,"Betula nigra, the black birch, river birch or water birch, is a species of birch native to the Eastern United States from New Hampshire west to southern Minnesota, and south to northern Florida and west to Texas. It is one of the few heat-tolerant birches in a family of mostly cold-weather trees which do not thrive in USDA Zone 6 and up. B. nigra commonly occurs in floodplains and swamps."
"I'm looking for a tree with striking white bark that adds visual interest to my landscape and is relatively easy to care for. I’d love a species that can thrive in northern climates, potentially even helping to rejuvenate areas that have been disturbed. Additionally, it would be great if this plant could provide a food source for wildlife like moose and have versatile wood for various uses.",Paper Birch,"Betula papyrifera is a short-lived species of birch native to northern North America. Paper birch is named after the tree's thin white bark, which often peels in paper-like layers from the trunk. Paper birch is often one of the first species to colonize a burned area within the northern latitudes, and is an important species for moose browsing. Primary commercial uses for paper birch wood are as boltwood and sawlogs, while secondary products include firewood and pulpwood. It is the provincial tree of Saskatchewan and the state tree of New Hampshire."
"I'm looking for a coniferous tree that thrives in western climates and offers a lovely, aromatic scent. Ideally, it should be a hardy choice that can add a unique touch to my garden while being relatively easy to care for. I want something that stands out and can provide both beauty and a pleasant fragrance.",California Incense Cedar,"Calocedrus decurrens, with the common names incense cedar and California incense cedar, is a species of coniferous tree native to western North America. It is the most widely known species in the genus, and is often simply called incense cedar without the regional qualifier."
"I’m looking for a hardy tree that thrives in warmer climates and can grow well in mixed woodlands. Ideally, I want something that can reach a decent height and provides a beautiful canopy, making it perfect for adding shade to my garden. It would be great if this tree also complements other species like oaks or beeches in my landscape.",European Hornbeam,"Carpinus betulus, the European or common hornbeam, is a species of tree in the birch family Betulaceae, native to Western Asia and central, eastern, and southern Europe, including southern England. It requires a warm climate for good growth, and occurs only at elevations up to 1,000 metres (3,281 ft). It grows in mixed stands with oak, and in some areas beech, and is also a common tree in scree forests. Hornbeam was also known as yoke elm. Together with Carpinus orientalis and Carpinus austrobalcanica, it is one of the three hornbeams found in Europe."
"I’m looking for a visually appealing tree that thrives in my garden and adds a touch of elegance. Ideally, I want something that can tolerate my local climate and offers beautiful foliage throughout the seasons. An ornamental option that stands out would be perfect to enhance my outdoor space.",Japanese Hornbeam,"Carpinus japonica, the Japanese hornbeam, is a hornbeam endemic to Japan but cultivated elsewhere as an ornamental."
"I'm looking for a stunning tree that adds a touch of elegance to my landscape. Ideally, it should have a beautiful, dense foliage and thrive in a variety of climates, bringing a sense of serenity and nature to my outdoor space. I'd love something that stands out and has a unique character, perfect for creating a striking focal point in my garden.",Blue Atlas Cedar,"Cedrus atlantica, the Atlas cedar, is a species of tree in the pine family Pinaceae, native to the Rif and Atlas Mountains of Morocco, and to the Tell Atlas in Algeria. A majority of the modern sources treat it as a distinct species Cedrus atlantica, but some sources consider it a subspecies of Lebanon cedar."
"I’m looking for a majestic, evergreen tree that can bring a touch of the mountains to my garden. Ideally, I want something that has a graceful appearance and can thrive in various conditions, adding beauty and a bit of serenity to my outdoor space.",Deodar Cedar,"Cedrus deodara, the deodar cedar, Himalayan cedar, or deodar, is a species of cedar native to the Himalayas."
"I'm looking for a majestic tree that can add charm to my garden while also providing shade and a sense of history. I'd love something that thrives in expansive spaces, has a strong presence, and is known for its enduring beauty. Ideally, it should also have a connection to heritage and tradition, enhancing the overall aesthetics of my outdoor area.",Golden Deodar Cedar,"Anlaby or Anlaby Station is a historic heritage tourism destination located about 12 kilometres southeast of Marrabel and 14 kilometres north of Kapunda in South Australia. The property was originally established in 1839 by Frederick Dutton, and is home to the oldest Merino stud in South Australia and the second-oldest in Australia. Anlaby features a significant collection of heritage buildings on the South Australian Heritage Register, extensive gardens covering 10 acres, and continues to operate as a working farm."
"I'm looking for a large, evergreen tree that adds a touch of elegance to my garden. I want something that not only stands out for its height and longevity but also has a rich history and can serve as a beautiful focal point in my outdoor space. Ideally, this tree should be durable and thrive in a variety of conditions while enhancing the overall aesthetic of my landscape.",Cedar of Lebanon,"Cedrus libani, commonly known as cedar of Lebanon, Lebanon cedar, or Lebanese cedar, is a species of large evergreen conifer in the genus Cedrus, which belongs to the pine family and is native to the mountains of the Eastern Mediterranean basin. Known for its longevity, height, and durable wood, it has held profound significance for millennia. The tree features in ancient Mesopotamian and Israelite literature, notably in the Hebrew Bible, according to which the tree was used in the construction of the Jerusalem Temple by Solomon, who received the trees from Hiram of Tyre. Today, it is the national emblem of Lebanon and is widely used as an ornamental tree in parks and gardens."
"I’m looking for a unique tree that brings a touch of elegance to my garden, with beautiful heart-shaped leaves that change color with the seasons. It would be great to have a plant that thrives in my climate and adds a lovely fragrance, especially in the spring. I'm also interested in something that has a graceful form and can provide some shade as it matures.",Katsura Tree,"Cercidiphyllum is a genus containing two species of plants, both commonly called katsura. They are the sole members of the monotypic family Cercidiphyllaceae. The genus is native to Japan and China and unrelated to Cercis (redbuds)."
"I'm looking for a beautiful deciduous shrub or small tree that can thrive in a variety of climates, ideally one that offers stunning spring blooms and vibrant foliage throughout the year. I’d love a plant that not only adds charm to my garden but also has a strong connection to local culture or heritage, perhaps even one that inspires community events or celebrations.",Eastern Redbud,"Cercis canadensis, the eastern redbud, is a large deciduous shrub or small tree, native to eastern North America from southern Michigan south to central Mexico, west to New Mexico. Species thrive as far west as California and as far north as southern Ontario. It is the state tree of Oklahoma and the official city tree of Huntington Beach. The prevalence of the so-called ""Columbus strain"" has seen the residents of Columbus, Wisconsin, embrace the plant in their city's identity. Known as the ""Redbud City,"" the town hosts ""Redbud Day"" annually the Saturday before Mother's Day, organizing a variety of themed events to recognize the tree."
"I'm looking for a small deciduous tree or large shrub that adds a splash of color in early spring with beautiful pinkish-red flowers. I’d love something with unique heart-shaped leaves that can thrive in warm temperate regions, and it would be great if it could also bloom directly on its branches and trunk for added visual interest.",White Redbud,"Cercis is a genus of about 10 species in the subfamily Cercidoideae of the pea family Fabaceae. It contains small deciduous trees or large shrubs commonly known as redbuds in the USA. They are characterised by simple, rounded to heart-shaped leaves and pinkish-red flowers borne in the early spring on bare leafless shoots, on both branches and trunk (""cauliflory""). The genus contains ten species, native to warm temperate regions of North America, southern Europe, western and central Asia, and China."
"I'm looking for a unique tree that adds a graceful touch to my garden, perhaps with cascading foliage and an eye-catching form. I want something that thrives in a variety of conditions and can serve as a focal point or provide a serene backdrop. Ideally, it should be low-maintenance and bring a sense of tranquility to my outdoor space.",Weeping Nootka Cypress,"University of Nevada, Reno Arboretum is a state arboretum located across the campus at the University of Nevada, Reno in Reno, Nevada."
"I'm looking for a plant that adds unique texture and elegance to my garden while also being easy to care for. Ideally, it should have a beautiful, airy appearance and thrive in a range of conditions, making it perfect for both educational displays and personal enjoyment. I'm interested in something that can enhance the landscape with its graceful form and subtle colors.",Threadleaf Falsecypress,"The James Pass Arboretum was established by the City of Syracuse, New York through the philanthropy of Adelaide Salisbury Pass and family with the guidance and cooperation of the State College of Forestry to be a classic arboretum in the tradition of the Arnold Arboretum in Boston, Massachusetts, that is, a museum of woody plants designed for education and horticultural display."
"I'm looking for a beautiful flowering tree that thrives in warmer climates, ideally with a stunning display of white or cream-colored blooms in spring. I want something that can add a touch of elegance to my garden while being relatively easy to care for. It would be great if it could also attract pollinators and provide some shade in the summer months.",Chinese Fringetree,"Chionanthus retusus, the Chinese fringetree, is a flowering plant in the family Oleaceae. It is native to eastern Asia: eastern and central China, Japan, Korea and Taiwan."
"I'm looking for a tree that thrives in warm, lowland areas and can bring a touch of elegance to my garden. Ideally, it should have beautiful, fragrant flowers and attract pollinators, while also being hardy enough to withstand varying weather conditions.",White Fringetree,"Chionanthus virginicus is a tree native to the savannas and lowlands of the northeastern and southeastern United States, from Massachusetts south to Florida, and west to Oklahoma and Texas."
"I'm looking for a striking flowering tree that can thrive in dry conditions and adds vibrant color to my garden. Ideally, it should have unique, frilly trumpet-shaped flowers and attractive lance-shaped leaves that create a lush appearance. I want something that stands out and brings a touch of elegance to my landscape.",Morning Cloud Chitalpa,"×Chitalpa is an intergeneric hybrid flowering tree in the family Bignoniaceae. There are two major forms in North America, the 'Morning Cloud' a hybrid of desert willow for desert hardiness and color, and northern catalpa, and the 'Pink Dawn' variety formed as a hybrid of desert willow and either yellow catalpa or northern catalpa. Both forms were originally thought to be hybrids of desert willow and southern catalpa. The name is nothogeneric, or a combination of the two parents' names. Leaves are lanceolate, 10 to 13 cm long and 2.5 cm (1 in) wide, almost always in whorls of three. The trumpet-shaped flowers are 2.5 cm (1 in) long and frilly. The inflorescence is indeterminate, with alternately arranged flowers."
"I'm looking for a flowering tree that can thrive in a variety of climates, especially in drier areas. I’d love something with beautiful, frilly trumpet-shaped flowers and attractive lanceolate leaves that grow in whorls. Ideally, it should also have a vibrant color to brighten up my garden.",Pink Dawn Chitalpa,"×Chitalpa is an intergeneric hybrid flowering tree in the family Bignoniaceae. There are two major forms in North America, the 'Morning Cloud' a hybrid of desert willow for desert hardiness and color, and northern catalpa, and the 'Pink Dawn' variety formed as a hybrid of desert willow and either yellow catalpa or northern catalpa. Both forms were originally thought to be hybrids of desert willow and southern catalpa. The name is nothogeneric, or a combination of the two parents' names. Leaves are lanceolate, 10 to 13 cm long and 2.5 cm (1 in) wide, almost always in whorls of three. The trumpet-shaped flowers are 2.5 cm (1 in) long and frilly. The inflorescence is indeterminate, with alternately arranged flowers."
"I'm looking for a unique flowering plant that adds a splash of color to my garden and has an intriguing fragrance. Ideally, I want something that can thrive in a variety of climates and offers attractive foliage throughout the seasons. A plant that also has interesting textures or shapes would be a fantastic bonus!",Harlequin Glorybower,"Clerodendrum trichotomum, the harlequin glorybower, glorytree or peanut butter tree, is a species of flowering plant in the family Lamiaceae. It is native to China, Korea, Taiwan, Japan, India, and the Philippines."
"I'm looking for a beautiful flowering plant that can thrive in a variety of settings, ideally one that offers a unique layered appearance and attractive foliage. I want something that not only adds visual interest to my garden but is also native to the eastern regions, providing a sense of local charm. It would be great if the plant could bring a touch of elegance and support local wildlife as well.",Pagoda Dogwood,"Cornus alternifolia is a species of flowering plant in the dogwood family Cornaceae, native to eastern North America, from Newfoundland west to southern Manitoba and Minnesota, and south to northern Florida and Mississippi. It is rare in the southern United States. It is commonly known as green osier, alternate-leaved dogwood, and pagoda dogwood."
"I'm looking for a small deciduous tree that offers beautiful ornamental features and is perfect for my garden. Ideally, it should thrive in a variety of climates and bring a touch of East Asian elegance to my landscape. I'd love a plant that adds visual interest throughout the seasons and is relatively easy to care for.",Chinese Dogwood,"Cornus kousa is a small deciduous tree 8–12 m (26–39 ft) tall, in the flowering plant family Cornaceae. Common names include kousa, kousa dogwood, Chinese dogwood, Korean dogwood, and Japanese dogwood. Synonyms are Benthamia kousa and Cynoxylon kousa. It is a plant native to East Asia including Korea, China and Japan. Widely cultivated as an ornamental, it is naturalized in the state of New York."
"I'm looking for a versatile shrub or small tree that adds a touch of elegance to my garden. Ideally, it should thrive in various climates, offering beautiful seasonal interest with delightful flowers and attractive berries. I'm also interested in a plant that can enhance my landscape with its lovely foliage and is suitable for both ornamental and practical use.",Cornelian Cherry Dogwood,"Cornus mas, commonly known as cornel, is a species of shrub or small tree in the dogwood family Cornaceae native to Western Europe, Southern Europe, and Southwestern Asia."
"I'm looking for a tall, evergreen tree that brings a touch of elegance to my garden. I'd love something that thrives in various climates and has attractive wood for potential use. Ideally, it should be low-maintenance and add a unique aesthetic to my landscape.",Japanese Cedar,"Cryptomeria is a monotypic genus of conifer in the cypress family Cupressaceae. It includes only one species, Cryptomeria japonica. It is considered to be endemic to Japan, where it is known as Sugi . The tree is also called Japanese cedar or Japanese redwood in English. It has been extensively introduced, and cultivated for wood production on the Azores and elsewhere."
"I'm looking for a fast-growing evergreen tree that can provide me with privacy in my yard. Ideally, it should be able to thrive even in less-than-ideal soil conditions and reach significant heights quickly. I'm also interested in a plant that's easy to propagate and will create a thick, lush screen.",Leyland Cypress,"The Leyland cypress, Cupressus × leylandii, × Cuprocyparis leylandii or × Cupressocyparis leylandii, often referred to simply as leylandii, is a fast-growing coniferous evergreen tree much used in horticulture, primarily for hedges and screens. Even on sites of relatively poor culture, plants have been known to grow to heights of 15 metres (49 ft) in 16 years. Their rapid, thick growth means they are sometimes used to achieve privacy, but such use can result in disputes with neighbours whose own property becomes overshadowed. The tree is a hybrid of Monterey cypress and Nootka cypress. It is almost always sterile, and is propagated mainly by cuttings."
"I’m looking for a medium-sized deciduous tree that adds a unique touch to my garden with its striking, showy blooms. I’d love something that stands out, perhaps with interesting foliage or an unusual shape, and that can thrive in a variety of conditions. Ideally, it should also have a bit of historical charm or a story behind it.",Dove Tree,"Davidia involucrata, the dove tree, ghost tree, handkerchief tree, pocket handkerchief tree, or is a medium-sized deciduous tree in the family Nyssaceae. It is the only living species in the genus Davidia. It was previously included with tupelos in the dogwood family, Cornaceae. Fossil species are known extending into the Upper Cretaceous."
"I'm looking for a fruit-bearing tree that thrives in warm climates and has a long history of cultivation. Ideally, it should produce sweet, delicious fruits that I can enjoy fresh or use in cooking. A plant with beautiful foliage would also be a plus, adding charm to my garden.",Japanese Persimmon,"Diospyros kaki, the Oriental persimmon, Chinese persimmon, Japanese persimmon or kaki persimmon, is the most widely cultivated species of the genus Diospyros. Although its first botanical description was not published until 1780, D. kaki cultivation in China dates back more than 2000 years."
"I'm looking for a versatile tree that thrives in a range of climates, ideally one that can produce delicious fruit for desserts and culinary uses. I’d love something with attractive wood that has a history of being cultivated and appreciated, especially in Southern gardens. Bonus points if it's a native option that can also provide wildlife habitat!",Common Persimmon,"Diospyros virginiana is a persimmon species commonly called the American persimmon, common persimmon, eastern persimmon, simmon, possumwood, possum apples, or sugar plum. It ranges from southern Connecticut to Florida, and west to Texas, Louisiana, Oklahoma, Kansas, and Iowa. The tree grows in the wild but has been cultivated for its fruit and wood since prehistoric times by Native Americans. Both the tree and the fruit are referred to as persimmons, with the latter appearing in desserts and cuisine in the U.S. South and Midwest."
"I'm looking for a bushy shrub or small tree that adds a unique touch to my garden. Ideally, it should have attractive lance-shaped leaves and produce lovely flowers, as well as striking dark berries for visual interest. I’d love a plant that can thrive in my outdoor space and offer a bit of a wild, natural feel.",Mountain Pepper,"Tasmannia lanceolata, commonly known as pepper tree, native pepper, mountain pepper or mountain pepperbush, is a species of flowering plant in the family Winteraceae, and is endemic to south-eastern Australia. It is a dioecious bushy shrub to small tree with lance-shaped or narrowly ellipic leaves, male and female flowers on separate plants, the flowers with 3 to 9 petals, and the fruit a deep maroon to glossy black berry."
"I'm looking for a hardy plant that can thrive in a variety of conditions and bring a touch of silver to my garden. I want something that can withstand drought and has an attractive, unique appearance, ideally with fragrant flowers or berries. It would be great if it could also attract birds and beneficial wildlife!",Russian Olive,"Elaeagnus angustifolia, commonly called Russian olive, silver berry, oleaster, or wild olive, is a species of Elaeagnus, native to Asia and limited areas of eastern Europe. It is widely established in North America as an introduced species."
"I'm looking for a flowering tree that features a mix of beautiful red, brown, and green leaves, ideally with a lovely egg-shaped appearance. I'd love something that produces charming, light-colored flowers and small fruit, adding both visual interest and a touch of elegance to my garden.",Japanese Blueberry Tree,"Elaeocarpus decipiens, commonly known as Japanese blueberry tree, is a species of flowering tree in the family Elaeocarpaceae. It has red, brown, and green leaves that are typically egg-shaped, 5-petaled flowers ranging in color from cream to light pink, and small drupe fruit."
"I'm looking for a versatile evergreen plant that can thrive in my garden while also providing beautiful, vibrant fruits. Ideally, I want something that not only enhances the landscape with its lush foliage but also offers the added benefit of delicious produce. A plant that’s both ornamental and fruitful would be perfect for my needs.",Loquat,The loquat is a large evergreen shrub or tree grown commercially for its orange coloured fruits. It is also cultivated as an ornamental plant.
"I'm looking for a versatile plant that can add both beauty and structure to my garden. I prefer options that include a mix of deciduous and evergreen varieties, offering vibrant foliage and interesting shapes. Ideally, I want a plant that thrives in a variety of climates and can bring a pop of color, especially in the fall.",Spindle Tree,"Euonymus is a genus of flowering plants in the staff vine family Celastraceae. Common names vary widely among different species and between different English-speaking countries, but include spindle, burning-bush, strawberry-bush, wahoo, wintercreeper, or simply euonymus. It has about 140 species of deciduous and evergreen shrubs, small trees and lianas. They are mostly native to East Asia, extending to the Himalayas, and they are also distributed in Europe, Australasia, North America, and Madagascar. Fifty species are endemic to China."
"I'm looking for a stunning deciduous tree that can add a unique touch to my garden with its graceful, drooping branches. Ideally, I'd love something that not only provides shade but also has an elegant appearance, making it a perfect focal point in my landscape.",Weeping Beech,"The weeping beech, Fagus sylvatica 'Pendula', is a cultivar of the deciduous European beech. The original tree was found in the grounds of an English park, and it has been propagated by grafting, then many distributed widely."
"I'm looking for a large, elegant tree that features smooth, silvery-grey bark and provides a generous amount of shade. Ideally, it should thrive in humid climates and have a graceful, low-branched appearance to enhance my garden's aesthetic.",Purple Beech,"Fagus sylvatica, the European beech or common beech, is a large, graceful deciduous tree in the beech family with smooth silvery-grey bark, large leaf area, and a short trunk with low branches. It is native to much of Europe, growing in humid climates."
"I’m looking for a versatile fruit tree that thrives in warm climates and produces delicious, edible fruits. Ideally, this plant should have a rich history of cultivation and be easy to grow in my garden, offering a lush appearance along with its tasty yield.",Common Fig,"The fig is the edible fruit of Ficus carica, a species of tree or shrub in the flowering plant family Moraceae, native to the Mediterranean region, together with western and southern Asia. It has been cultivated since ancient times and is now widely grown throughout the world. Ficus carica is the type species of the genus Ficus, which comprises over 800 tropical and subtropical plant species."
"I'm looking for a versatile fruit tree that thrives in warmer climates and produces delicious, sweet fruits. Ideally, this plant should not only be easy to care for but also add a touch of greenery to my garden while providing a bountiful harvest.",Kadota Fig,"Ira Judson Condit (1883–1981) was an American horticulturist who studied subtropical fruits, including the fig, the olive, and the avocado."
"I’m looking for a delightful fruit tree that has a rich history and produces sweet, delicious fruits. Ideally, I want something that thrives well in warm climates and has proven to be popular among growers for its reliability and flavor. A variety that can be enjoyed fresh or used in recipes would be perfect for my garden!",Mission Fig,"The Mission fig is a popular variety of the edible fig. It was first introduced to the United States in 1768 when Franciscan missionaries planted it in San Diego. It was also planted in the subsequent missions that the Franciscans established up the California coast. Gustav Eisen writes, ""The early padres and missionaries in the Pacific coast States cultivated no other variety of fig"". It later became the main commercial variety planted throughout California. The Mission fig was later surpassed by the Sari Lop fig as the most popular commercial fig variety grown in California."
"I'm looking for a majestic tree that can make a statement in my garden, ideally one that grows tall and has a strong, sturdy presence. I want something that not only adds beauty but also has a rich history and impressive stature, making it a conversation piece for visitors. It would be great to find a tree that thrives in a robust environment and can stand the test of time.",Franklin Tree,"The Franklin Tree is a giant sequoia in Giant Forest, a sequoia grove where the largest tree in the world lives – the General Sherman Tree. The Franklin Tree is the eighth largest giant sequoia in the world. It was named by Wendell Flint after Founding Father Benjamin Franklin. Nearby trees include the Washington Tree which was once the second largest tree in the world, but since it lost half its trunk in 2005 many sequoias are now larger."
"I'm looking for a striking plant that stands tall and commands attention, perhaps with a unique architectural quality that adds elegance to my garden. I'd love something that features interesting textures or patterns, reminiscent of historical significance, and can evoke a sense of strength and heritage. Ideally, this plant would also have a variety of details or embellishments that tell a story and enhance its visual appeal.",Patmore Green Ash,"Illinois Centennial Memorial Column, Logan Square Monument or Illinois Centennial Monument is a public monument in the Logan Square community area and the Chicago Landmark and National Register of Historic Places-listed Logan Square Boulevards Historic District. Built in 1918 to celebrate the 100th anniversary of Illinois' statehood, the monument, designed by Henry Bacon, famed architect of the Lincoln Memorial in Washington, DC, is a single 70-foot (21 m) tall marble Doric column topped by an eagle, in reference to the Flag of Illinois. Reliefs surrounding the base depict figures of Native Americans, explorers, farmers and laborers intended to show the great changes experienced during the state's 1st century. Although Bacon designed the main column, Evelyn Beatrice Longman designed and sculpted the reliefs."
"I’m looking for a unique, hardy plant that has stood the test of time and adds a touch of elegance to my garden. Ideally, it should be easy to care for, thrive in various conditions, and have striking foliage that can also provide a beautiful autumn display. I'm interested in something that not only looks great but also has a fascinating history behind it.",Ginkgo,"Ginkgo is a genus of non-flowering seed plants, assigned to the gymnosperms. The scientific name is also used as the English common name. The order to which the genus belongs, Ginkgoales, first appeared in the Permian, 270 million years ago, and Ginkgo is now the only living genus within the order. The rate of evolution within the genus has been slow, and almost all its species had become extinct by the end of the Pliocene. The sole surviving species, Ginkgo biloba, is found in the wild only in China, but is cultivated around the world. The relationships between ginkgos and other groups of plants are not fully resolved."
I'm looking for a hardy shrub that can thrive in extreme winter temperatures and has a strong root system to help prevent soil erosion. It would be great if the plant could also enrich the soil and provide benefits for wildlife. Bonus points if it produces berries or leaves that can be used in food or skincare products!,Sea Buckthorn,"Hippophae, from Ancient Greek ἵππος (híppos), meaning ""horse"", and φάος (pháos), meaning ""light"", is a genus of flowering plants in the family Elaeagnaceae. They are deciduous shrubs. They are exceptionally hardy plants, able to withstand winter temperatures as low as −43 °C (−45 °F). As Hippophae species develop an aggressive and extensive root system, they are planted to inhibit soil erosion and used in land reclamation for their nitrogen fixing properties, wildlife habitat, and soil enrichment. Hippophae berries and leaves are manufactured into various human and animal food and skincare products."
"I’m looking for a small tree or bush that can thrive in my garden and adds character to my outdoor space. I’d love something that can stand alone or grow in small groups, and ideally, it should be resilient against fire and able to adapt to various conditions. It would be great if it could bring a touch of the wild landscape to my yard!",Rocky Mountain Juniper,"Juniperus scopulorum, the Rocky Mountain juniper, is a species of juniper native to western North America, from southwest Canada to the Great Plains of the United States and small areas of northern Mexico. They are the most widespread of all the New World junipers. They are relatively small trees, occasionally just a large bush or stunted snag. They tend to be found in isolated groves or even as single trees rather than as the dominant tree of a forest. Though they can survive fires, they are vulnerable to them especially when young and this is one of the factors that can limit their spread into grasslands."
"I'm looking for a hardy, low-maintenance shrub that can thrive in my garden while adding a unique texture with its flaky foliage. Ideally, it should be able to withstand varying weather conditions and provide some visual interest throughout the seasons. A plant with a compact growth habit would be perfect for my landscaping needs.",Blue Star Juniper,"Juniperus squamata, the flaky juniper, or Himalayan juniper is a species of coniferous shrub in the cypress family Cupressaceae, native to the Himalayas and China."
"I'm looking for a stunning flowering tree that will add vibrant color to my landscape. Ideally, it should be hardy and thrive in various climates, offering beautiful blooms in the summer and a graceful shape year-round. Bonus points if it has a history of being popular in gardens and can attract pollinators!",Golden Rain Tree,"Koelreuteria paniculata is a species of flowering plant in the family Sapindaceae, native to China, Korea, and Outer Manchuria in both Russia and Mongolia. Naturalized in Japan since at least the 1200s, it was introduced to Europe in 1747 and North America in 1763, and has become a popular landscape tree worldwide. Common names include goldenrain tree, pride of India, China tree, and the varnish tree."
"I’m looking for a fragrant evergreen tree or large shrub that has smooth, glossy green leaves. Ideally, I want something that thrives in warm climates, adds beauty to my garden, and can also be used in cooking for its flavorful leaves. It would be great if this plant has a rich history and significance in culture as well.",Bay Laurel,"Laurus nobilis is an aromatic evergreen tree or large shrub with green, glabrous (smooth) leaves. It is in the flowering plant family Lauraceae. According to Muer, Jahn, & Sauerbier, the stem can be 1 metre in diameter and the tree can be as high as 20 metres. It is native to the Mediterranean region and is used as bay leaf for seasoning in cooking. Its common names include bay tree, bay laurel, sweet bay, true laurel, Grecian laurel, or simply laurel. Laurus nobilis figures prominently in classical Greco-Roman culture."
"I'm looking for a decorative deciduous tree that can add visual interest to my garden. I’d love something that not only looks beautiful throughout the seasons but is also versatile for both ornamental use and wood-related projects. Ideally, it should thrive in a range of climates and bring a touch of elegance to my outdoor space.",Sweet Gum,"Liquidambar, commonly called sweetgum, gum, redgum, satin-walnut, styrax or American storax, is the only extant genus in the flowering plant family Altingiaceae and has 15 species. They were formerly often treated as a part of the Hamamelidaceae. They are native to southeast and east Asia, the eastern Mediterranean and North America. They are decorative deciduous trees that are used in the wood industry and for ornamental purposes."
"I'm looking for a large, deciduous tree that can provide a beautiful canopy in my yard. I want something that will not only add height and structure to my landscape but also offers striking foliage throughout the seasons. Ideally, it should be easy to care for and thrive in a variety of conditions.",Tuliptree,"Liriodendron is a genus of two species of characteristically large trees, deciduous over most of their populations, in the magnolia family (Magnoliaceae)."
"I’m looking for a stunning hybrid tree that features beautiful yellow flowers to brighten up my garden. Ideally, it should be a unique addition that stands out in spring and has a lovely fragrance. I’d love something that not only adds color but also has a connection to a meaningful garden legacy.",Elizabeth Magnolia,"Magnolia 'Elizabeth' is a hybrid Magnolia that is the offspring of a cross between Magnolia acuminata (cucumbertree) and Magnolia denudata. It is the result of a breeding program to create yellow-flowered varieties conducted at the Brooklyn Botanic Garden beginning in 1953, and was named for Elizabeth Van Brunt, who donated funds to the Brooklyn Botanic Garden."
"I'm looking for a stunning flowering tree that can bring a touch of elegance to my garden. Ideally, it should have beautiful blooms that symbolize purity and grace, and thrive in a sunny spot. I would love a plant with a rich cultural history that adds a unique charm to my outdoor space.",Yulan Magnolia,"Magnolia denudata, the lilytree or Yulan magnolia, is native to central and eastern China. It has been cultivated in Chinese Buddhist temple gardens since 600 AD. Its flowers were regarded as a symbol of purity in the Tang dynasty and it was planted in the grounds of the emperor's palace. It is the official city flower of Shanghai."
"I’m looking for a large, evergreen tree that can add a striking presence to my garden. Ideally, it should have glossy dark-green leaves and produce beautiful, fragrant white flowers. I want something that thrives in warmer climates and can reach impressive heights to create a stunning focal point.",Southern Magnolia,"Magnolia grandiflora, commonly known as the southern magnolia or bull bay, is a tree of the family Magnoliaceae native to the Southeastern United States, from Virginia to central Florida, and west to East Texas. Reaching 27.5 m (90 ft) in height, it is a large, striking evergreen tree, with large, dark-green leaves up to 20 cm long and 12 cm wide, and large, white, fragrant flowers up to 30 cm (12 in) in diameter."
"I'm looking for a beautiful ornamental plant that can add a touch of elegance to my garden. Ideally, it should have stunning foliage and fragrant blooms, making it a perfect focal point in my outdoor space. I'm also interested in a plant that can thrive in various conditions, as I want something that will adapt well to my local environment.",Bracken's Brown Beauty Magnolia,"This is a list of plants organized by their common names. However, the common names of plants often vary from region to region, which is why most plant encyclopedias refer to plants using their scientific names, in other words using binomials or ""Latin"" names."
"I'm looking for a beautiful and compact tree that can add a touch of elegance to my garden. Ideally, it should have stunning flowers and a lovely fragrance, while being manageable in size for a smaller space. I'd love something that can thrive in my local climate and bring joy throughout the seasons.",Little Gem Magnolia,"This is a list of plants organized by their common names. However, the common names of plants often vary from region to region, which is why most plant encyclopedias refer to plants using their scientific names, in other words using binomials or ""Latin"" names."
"I'm looking for a striking evergreen tree that offers a bold presence in my garden. Ideally, it would have large, dark-green leaves and produce beautiful, fragrant white flowers that can really stand out. I want something that thrives in warmer climates and adds a touch of elegance to my outdoor space.",Teddy Bear® Magnolia,"Magnolia grandiflora, commonly known as the southern magnolia or bull bay, is a tree of the family Magnoliaceae native to the Southeastern United States, from Virginia to central Florida, and west to East Texas. Reaching 27.5 m (90 ft) in height, it is a large, striking evergreen tree, with large, dark-green leaves up to 20 cm long and 12 cm wide, and large, white, fragrant flowers up to 30 cm (12 in) in diameter."
"I'm looking for a beautiful deciduous tree that can add elegance to my garden. Ideally, it should have a slow growth rate and reach a height of about 25 to 50 feet, with a nice spread to provide ample shade. I would love something that flourishes in temperate climates and showcases stunning flowers in the spring.",Kobus Magnolia,"Magnolia kobus, known as mokryeon, kobus magnolia, or kobushi magnolia, is a species of Magnolia native to Japan and Korea and occasionally cultivated in temperate areas. It is a deciduous, small to tall tree which has a slow rate of growth but can reach 8–15 m (25–50 ft) in height and up to 10 m (35 ft) in spread."
"I’m looking for a stunning flowering plant that brings a touch of elegance to my garden, ideally with beautiful blooms and a lovely fragrance. I’d love something that thrives in east Asian climates, offering a unique charm and character to my outdoor space. It would be great if it can add height and interest throughout the seasons!",Oyama Magnolia,"Magnolia sieboldii, or Siebold's magnolia, also known as Korean mountain magnolia and Oyama magnolia, is a species of Magnolia native to east Asia in China, Japan, and Korea. It is named after the German doctor Philipp Franz von Siebold (1796–1866)."
"I'm looking for a slow-growing shrub or small tree that adds a stunning display of large, eye-catching flowers in early spring, ideally in shades of white or pink. I want something that blooms beautifully before the leaves appear, creating a striking focal point in my garden.",Leonard Messel Magnolia,"Magnolia stellata, the star magnolia, is a slow-growing deciduous shrub or small tree native to Japan. It bears large, showy white or pink flowers in early spring, before its leaves open. This species is closely related to the Kobushi magnolia, and is treated by many botanists as a variety or even a cultivar of that. However, Magnolia stellata was accepted as a distinct species in the 1998 monograph by Hunt."
"I'm looking for a flavorful apple tree that produces delicious fruit early in the season. Ideally, I’d love a variety that’s known for its quality and has a charming, appealing appearance in my garden. A tree that offers both beauty and tasty apples would be perfect for my needs!",Akane Apple,"'Akane', also known as 'Tokyo Rose', 'Tohoku No.3' and 'Prime Red', is a Japanese cultivar of domesticated apple, that according to Orange Pippin is one of the best early season apples."
"I’m looking for a unique apple tree that offers a sweet, aromatic flavor and thrives in a home orchard setting. Ideally, it should be a hardy variety that produces delicious fruit and has a charming story behind its origins. A plant with good disease resistance and a beautiful appearance would be a bonus!",Ambrosia Apple,"Ambrosia is a cultivated variety or cultivar of apple originating in Canada in the early 1990s. The original tree was first cultivated by the Mennell family of Cawston, British Columbia, who discovered it growing from a chance seedling in their orchard in a row of Jonagold apple trees. It is named after the mythical food of the Greek gods."
"I’m looking for a hardy apple tree that produces firm, tart fruit with a lovely fragrance. Ideally, it should have a vibrant color and be great for cooking, while also being high in vitamin content. A variety that can thrive in my garden and offers a rustic charm would be perfect!",Belle de Boskoop Apple,"Belle de Boskoop is an apple cultivar which originated in Boskoop, Netherlands, where it began as a chance seedling in 1856. Variants include Boskoop red, yellow and green. This rustic apple is firm, tart and fragrant. Greenish-gray tinged with red, the apple stands up well to cooking. Generally Boskoop varieties are very high in acid content and they can contain over four times the vitamin C of Granny Smith or Golden Delicious."
"I'm looking for a fruit tree that produces apples with a vibrant and appealing color, ideally featuring a mix of red and orange streaks on a yellowish background. I want something that's firm to the touch and can thrive in various growing conditions, offering a delicious taste and a visually striking appearance in my garden.",Braeburn Apple,The Braeburn is a cultivar of apple that is firm to the touch with a red/orange vertical streaky appearance on a yellow/green background. Its color intensity varies with different growing conditions.
"I'm looking for a sturdy and resilient plant that thrives in various conditions, much like a community that flourishes through hard work and dedication. Ideally, I want something that can bring a sense of vitality and growth to my garden, reflecting a vibrant and bustling atmosphere. It would be great if it also had a rich history or connection to its surroundings, adding character to my space.",Chehalis Apple,"Oakville is a city in Grays Harbor County, Washington, United States. It was incorporated in 1905, with booming lumber, railway, and farming industries creating the early foundation of the community. The population was 715 at the 2020 census."
"I’m looking for a flavorful apple variety that offers a delightful balance of sweetness and tartness. Ideally, it should have a crisp texture and be great for both fresh eating and baking. I’d love a plant that thrives in my local climate and produces fruit I can enjoy throughout the harvest season.",Cortland Apple,"Cortland is a cultivar of apple developed at the New York State Agricultural Experiment Station in Geneva, New York, United States in 1898. It is a cross of the McIntosh and Ben Davis apples. It was named after Cortland County, near Ithaca, New York, home of Cornell University. It was first bred by American horticulturalist S.A Beach."
"I'm looking for a classic apple variety that offers a rich flavor and a touch of nostalgia. Ideally, it should be a hardy tree that produces juicy, sweet fruit, perfect for fresh eating or making delicious desserts. I'm interested in a variety with a strong heritage and a unique taste profile that stands out in my orchard.",Cox's Orange Pippin Apple,"James Grieve is an old variety of apple. It gets its name from its breeder, James Grieve, who raised the apple from pollination of a Pott's Seedling or a Cox's Orange Pippin apple in Edinburgh, Scotland some time before 1893."
"I’m looking for a flavorful and versatile apple tree that produces crisp, sweet fruits with a hint of tartness. Ideally, I want something that thrives in a European climate and is known for its popularity, particularly in continental regions. A tree that can offer a delightful harvest and is great for eating fresh or using in recipes would be perfect.",Elstar Apple,"The Elstar apple is an apple cultivar that was first developed in the Netherlands in Elst in the 1950s by crossing Golden Delicious and Ingrid Marie apples. It quickly became popular, especially in Europe and was first introduced to America in 1972. It remains popular in Continental Europe, but less so in the United Kingdom."
"I'm looking for a fruit tree that produces sweet and mild-flavored apples with a crisp texture. Ideally, this tree should be easy to grow and thrive in my garden, offering beautiful striped or mottled fruit. I want something that will not only yield delicious apples but also be a popular choice among gardeners.",Gala Apple,"Gala is an apple cultivar with a sweet, mild flavor, a crisp but not hard texture, and a striped or mottled orange or reddish appearance. Originating from New Zealand in the 1930s, similar to most named apples it is clonally propagated. Easy to grow, the Gala is one of the top commercial apple varieties today and one of the most popular in North America."
"I’m looking for a sweet and crisp apple variety that's known for its delicious flavor and is a favorite among many. Ideally, this plant should thrive well in our climate and produce a bountiful harvest. I want something that's easy to care for and adds a lovely touch to my garden.",Golden Delicious Apple,"Golden Delicious is a cultivar of apple from the United States, where it is one of the top varieties. Despite its name, it is not closely related to Red Delicious."
"I'm looking for an apple variety that offers a sweet and flavorful experience for fresh eating and is also great for making cider. I prefer a type that has a unique textured skin, and I'm interested in one that has a rich history and is well-regarded for its versatility.",Golden Russet Apple,"Golden Russet is an old American cultivar of domesticated apple which is excellent for fresh eating as well as for apple cider production. It is a russet apple and is therefore especially used as a cider apple. It is sometimes known as 'English Golden Russet', and has frequently been confused with 'English Russet'."
"I'm looking for a fruit tree that produces crisp, tart apples, perfect for fresh eating and baking. I’d love something that thrives in a variety of conditions and has a history of resilience and flavor. A tree that not only looks great but also offers delicious fruit would be ideal for my garden.",Granny Smith Apple,"The Granny Smith is an apple cultivar that originated in Australia in 1868. It is named after Maria Ann Smith, who propagated the cultivar from a chance seedling. The tree is thought to be a hybrid of Malus sylvestris, the European wild apple, with the domesticated apple Malus domestica as the polleniser."
"I'm looking for a fruit tree that produces apples with a tart flavor, perfect for making delicious apple sauce and cider. I want something seasonal that captures a unique aroma but be aware that it may not store well. Ideally, it should thrive in my garden and provide a wonderful harvest when it's in season.",Gravenstein Apple,"Gravenstein is a triploid apple cultivar that originated in the 17th century or earlier. The fruit has a tart flavor, and it is heavily used as a cooking apple, especially for apple sauce and apple cider. It does not keep well, and it is available only in season. This is in part because neither cold storage, nor regular controlled atmosphere keeps the apples' distinctive aroma, although the Nova Scotia Fruit Growers' Association states that ""recently however, low oxygen CA storage has shown promise in retaining this harvest-time quality""."
"I'm looking for a fruit tree that produces large, delicious apples with a perfect balance of sweetness and tartness. Ideally, I want a variety that is great for eating fresh but can also be used in baking or making sauce. It would be a bonus if the tree is known for its firmness and overall quality!",Honeycrisp Apple,"Honeycrisp is an apple cultivar developed at the Minnesota Agricultural Experiment Station's Horticultural Research Center at the University of Minnesota, Twin Cities. Designated as MN1711 in 1974, patented in 1988, and released in 1991, the Honeycrisp, once slated to be discarded, has rapidly become a prized commercial agricultural product, as its sweetness, firmness, and tartness make it an ideal apple for eating raw. It may also be used for baking and making apple sauce. The advent of the Honeycrisp marks a turning point in the history of the apple industry. It is now the official state fruit of Minnesota. A large-sized Honeycrisp contains about 116 kilocalories (490 kJ)."
"I'm looking for a delicious apple variety that's a perfect blend of crispness and sweetness. Ideally, I want something that has a lovely color and is a great choice for fresh eating or baking. It would be fantastic if the tree is hardy and reliable in producing fruit.",Jonagold Apple,"Jonagold is a cultivar of apple that is a cross between the crisp Golden Delicious and the blush-crimson Jonathan; the name Jonagold is a portmanteau of these two variety names. It was developed in 1943 in New York State Agricultural Experiment Station of Cornell University's College of Agriculture and Life Sciences, selected as N.Y. 43013-1 in 1953, officially released in 1968 by Roger Way."
"I’m looking for a medium-sized apple that balances sweetness with a hint of tartness, perfect for both fresh eating and cooking. Ideally, it should have a smooth but sturdy skin and provide a good dose of vitamin C. A variety that thrives in different conditions would be great, as I want something versatile for my garden.",Jonathan Apple,"Jonathan is a medium-sized sweet apple, with a touch of acid and a tough but smooth skin, good for eating fresh and for cooking. Parentage = Esopus Spitzenburg x ?Sugar 12.5%
Acid 7.7 g/litre
Vitamin C 5mg/100g."
"I'm looking for a hardy apple tree that can thrive in my garden and is resistant to common diseases. Ideally, it should produce delicious fruit and have a history of successful cultivation. I want something that not only looks great but also has a strong track record for reliability.",Liberty Apple,Liberty is a hybrid apple cultivar developed by the New York State Agricultural Experiment Station. It was a seedling produced in 1955 from pollinating 'Macoun' from 'Purdue 54-12' for the sake of acquiring Malus floribunda disease resistances. It was first released to the public in 1978.
"I'm looking for a fruit tree that produces delicious apples with a sweet flavor, perfect for warm climates. I’d love something that grows well in the Southern United States and can provide a bountiful harvest early in the season. Ideally, it should be easy to care for and thrive in a home garden setting.",Lodi Apple,"The Lodi is an apple cultivar that is a hybrid of the 'Yellow Transparent' and 'Montgomery Sweet' cultivars, both of which were originally from the New York Agricultural Experiment Station. It was introduced in 1924 and is commonly grown in the Southern United States."
"I'm looking for a versatile apple tree that produces fruit with a mix of red and green skin and a tart flavor. Ideally, I'd like one that has tender white flesh, is great for eating fresh, cooking, or making delicious apple sauce, and ripens in late September.",Macintosh Apple,"The McIntosh, McIntosh Red, or colloquially the Mac, is a cultivated apple variety, designated the national apple of Canada. The fruit has red and green skin, a tart flavor, and tender white flesh, which ripens in late September. An all-purpose apple, the McIntosh may be eaten raw, cooked, or used to make apple sauce."
"I'm looking for a delicious and versatile apple variety that thrives in my local climate. Ideally, I want something with a great balance of sweetness and tartness, perfect for fresh eating or baking. It would be a bonus if it's known for its hardiness and can be a proud addition to my home garden!",Melrose Apple,"Melrose is a modern cultivar of domesticated apple which was developed by Freeman S. Howlett, William J. Eyssen and their team at the Ohio Agricultural Experiment Station in Ohio, United States, and is regarded as the unofficial apple of that state."
"I'm looking for a robust apple tree that combines excellent storage capabilities with a delightful sweetness. Ideally, I want a variety that can thrive in my garden and produce fruit that's perfect for snacking and baking. It's important to me that the apples have a long shelf life without losing their flavor or quality.",Pink Lady Apple,"Cripps Pink is a cultivar of apple. It is one of several cultivars sold under the trademark name Pink Lady. It was originally bred by John Cripps at the Western Australia Department of Agriculture, by crossing the Australian apple Lady Williams with the American Golden Delicious; the result is a combination of the firm, long-storing property of Lady Williams with the sweetness and lack of storage scald of Golden Delicious."
